{"cameraMode":{"drawMode":0,"name":"Shaded","section":"Shading Mode"},"sceneLighting":true,"audioPlay":false,"sceneViewState":{"m_AlwaysRefresh":false,"showFog":true,"showSkybox":true,"showFlares":true,"showImageEffects":true,"showParticleSystems":true,"showVisualEffectGraphs":true,"m_FxEnabled":true},"in2DMode":false,"pivot":{"x":-24.425832748413087,"y":-33.444068908691409,"z":333.33660888671877},"rotation":{"x":0.029986847192049028,"y":-0.02398703247308731,"z":0.0007197244558483362,"w":0.9992688894271851},"size":198.8916778564453,"orthographic":false}